{"cameraMode":{"drawMode":0,"name":"Shaded","section":"Shading Mode"},"sceneLighting":true,"audioPlay":false,"sceneViewState":{"m_AlwaysRefresh":true,"showFog":true,"showSkybox":true,"showFlares":true,"showImageEffects":true,"showParticleSystems":true,"showVisualEffectGraphs":true,"m_FxEnabled":true},"in2DMode":false,"pivot":{"x":0.0999840795993805,"y":0.8926128149032593,"z":-2.457639217376709},"rotation":{"x":0.0008693038253113627,"y":0.9320359230041504,"z":-0.0022347099147737028,"w":0.3623563051223755},"size":1.1718462705612183,"orthographic":false}