{"cameraMode":{"drawMode":0,"name":"Shaded","section":"Shading Mode"},"sceneLighting":true,"audioPlay":false,"sceneViewState":{"m_AlwaysRefresh":false,"showFog":true,"showSkybox":true,"showFlares":true,"showImageEffects":true,"showParticleSystems":true,"showVisualEffectGraphs":true,"m_FxEnabled":true},"in2DMode":false,"pivot":{"x":0.21343259513378144,"y":0.8107151389122009,"z":-0.01809930056333542},"rotation":{"x":0.2507362961769104,"y":0.642551064491272,"z":-0.23527830839157105,"w":0.6847692728042603},"size":0.22026008367538453,"orthographic":true}