{"cameraMode":{"drawMode":0,"name":"Shaded","section":"Shading Mode"},"sceneLighting":true,"audioPlay":false,"sceneViewState":{"m_AlwaysRefresh":false,"showFog":true,"showSkybox":true,"showFlares":true,"showImageEffects":true,"showParticleSystems":true,"showVisualEffectGraphs":true,"m_FxEnabled":true},"in2DMode":false,"pivot":{"x":0.06428536772727967,"y":1.0009979009628297,"z":-0.037245556712150577},"rotation":{"x":-0.10592009127140045,"y":0.4668719172477722,"z":-0.05644106864929199,"w":-0.8761436343193054},"size":0.9922375082969666,"orthographic":false}